{"name":"Treatment_category","identifier":"2EBRJNOQXY","description":null,"slotTypeValues":[{"synonyms":null,"sampleValue":{"value":"Orthopedic"}},{"synonyms":null,"sampleValue":{"value":"Cardio Vascular"}},{"synonyms":null,"sampleValue":{"value":"Neurosugery"}},{"synonyms":null,"sampleValue":{"value":"Dental/Orthodontic"}},{"synonyms":null,"sampleValue":{"value":"Cancer Treatment"}}],"parentSlotTypeSignature":null,"valueSelectionSetting":{"resolutionStrategy":"ORIGINAL_VALUE","regexFilter":null}}