{"name":"diagnosis_category","identifier":"O101YKVRZY","description":null,"slotTypeValues":[{"synonyms":null,"sampleValue":{"value":"Mental"}},{"synonyms":null,"sampleValue":{"value":"Infectious"}},{"synonyms":null,"sampleValue":{"value":"Autism Spectrum"}},{"synonyms":null,"sampleValue":{"value":"Cardiac/Circulatory"}},{"synonyms":null,"sampleValue":{"value":"Digestive System/ Gastrointestinal"}}],"parentSlotTypeSignature":null,"valueSelectionSetting":{"resolutionStrategy":"ORIGINAL_VALUE","regexFilter":null}}